learning_rate,num_leaves,min_child_samples,feature_fraction,reg_lambda,n_estimators,fold,weighted_pearson,naive_return_1m,rows_scored,best_iteration
0.04,31,600,0.8,2.0,350,fold_1,0.015656694671746903,-0.007849903145001367,578918,1.0
0.04,31,600,0.8,2.0,350,fold_2,0.01469595154982576,-0.008289327532423717,760714,19.0
0.04,31,600,0.8,2.0,350,mean_validation,0.015176323110786332,,1339632,
0.03,63,900,0.9,5.0,350,fold_1,0.02044812908715952,-0.007849903145001367,578918,12.0
0.03,63,900,0.9,5.0,350,fold_2,0.02551277774021127,-0.008289327532423717,760714,56.0
0.03,63,900,0.9,5.0,350,mean_validation,0.022980453413685396,,1339632,
